country,attribute,wtp
China,Organic,8.344959702076762
China,Special,6.511823532884475
Japan,Organic,40.15138629201412
Japan,Special,37.645727023146684
