scenario,attribute,wtp_cn,wtp_jp
Control,Organic,6.5694534605884956,41.289796226152475
EIO (Organic info),Organic,9.706217148331234,61.004729021321424
EIOS (Both info),Organic,7.597407693250094,47.7506108207057
Control,Special,5.9678983997012836,37.50895113274364
EIS (Special info),Special,6.609106612915161,41.539021003999665
EIOS (Both info),Special,7.156085528973007,44.97684853706922
